# Population Bear_Paw	Bear_Paw_1,Bear_Paw_2,Bear_Paw_3,Bear_Paw_4,Bear_Paw_5,Bear_Paw_6,Bear_Paw_7,Bear_Paw_8
# Population Rabbit_Slough	Rabbit_Slough_1,Rabbit_Slough_2,Rabbit_Slough_3,Rabbit_Slough_4,Rabbit_Slough_5,Rabbit_Slough_6,Rabbit_Slough_7,Rabbit_Slough_8
# Group defaultgrp	Bear_Paw,Rabbit_Slough
# Locus ID	Chr	BP	phi_st	Smoothed Phi_st	Fst'	Smoothed Fst'	D_est	Smoothed D_est
91	un	98	0.27273	-1.00000	0.12000	-1.00000	0.12000	-1.00000
279	un	194	-0.06237	-1.00000	-0.03932	-1.00000	-0.01736	-1.00000
294	un	226	0.23077	-1.00000	0.08451	-1.00000	0.08451	-1.00000
526	un	386	-0.09091	-1.00000	-0.01667	-1.00000	0.05280	-1.00000
556	un	482	0.15385	-1.00000	0.04027	-1.00000	0.04027	-1.00000
587	un	514	0.09066	-1.00000	0.01404	-1.00000	0.04255	-1.00000
1251	un	1314	-0.07998	-1.00000	-0.04628	-1.00000	-0.04677	-1.00000
1271	un	1378	0.09091	-1.00000	0.01786	-1.00000	0.05797	-1.00000
1353	un	1538	-0.02857	-1.00000	-0.02273	-1.00000	-0.02273	-1.00000
1381	un	1602	0.07692	-1.00000	0.01266	-1.00000	-0.00781	-1.00000
1672	un	1986	0.36364	-1.00000	0.20619	-1.00000	0.26016	-1.00000
1740	un	2082	-0.06547	-1.00000	-0.06421	-1.00000	-0.09203	-1.00000
1866	un	2211	0.06145	-1.00000	0.01079	-1.00000	0.01266	-1.00000
2027	un	2307	0.26667	-1.00000	0.10811	-1.00000	0.10811	-1.00000
3167	un	2953	0.59079	-1.00000	0.43738	-1.00000	0.47154	-1.00000
3886	un	3273	0.01642	-1.00000	0.01604	-1.00000	0.01476	-1.00000
4170	un	3337	0.10923	-1.00000	0.02003	-1.00000	0.01786	-1.00000
5701	un	3433	-0.05504	-1.00000	-0.04338	-1.00000	-0.04237	-1.00000
8001	un	3657	-0.07273	-1.00000	-0.05479	-1.00000	-0.05479	-1.00000
