# Locus ID	Pop 1 ID	Pop 2 ID	Chr	BP	Column	Fisher's P	Odds Ratio	CI Low	CI High	LOD	AMOVA Fst	Smoothed AMOVA Fst	Smoothed AMOVA Fst P-value
91	Bear_Paw	Rabbit_Slough	un	125	27	0.046583851	0.13846	0.01376	1.39376	0.85867	0.20000	-1.00000	-1.00000
279	Bear_Paw	Rabbit_Slough	un	210	16	0.692270531	0.68182	0.12153	3.82528	0.16633	0.00680	-1.00000	-1.00000
294	Bear_Paw	Rabbit_Slough	un	252	26	0.048888889	0.14667	0.01495	1.43922	0.83367	0.16667	-1.00000	-1.00000
526	Bear_Paw	Rabbit_Slough	un	394	8	1.000000000	1.00000	0.05529	18.08552	0.00000	0.00000	-1.00000	-1.00000
556	Bear_Paw	Rabbit_Slough	un	496	14	0.111111111	0.20000	0.01967	2.03331	0.69897	0.12000	-1.00000	-1.00000
587	Bear_Paw	Rabbit_Slough	un	539	25	0.209195402	0.25490	0.02369	2.74218	0.59363	0.08163	-1.00000	-1.00000
1251	Bear_Paw	Rabbit_Slough	un	1328	14	1.000000000	0.81818	0.13167	5.08409	0.08715	0.00179	-1.00000	-1.00000
1271	Bear_Paw	Rabbit_Slough	un	1396	18	0.239130435	0.28205	0.02555	3.11356	0.54967	0.09091	-1.00000	-1.00000
1353	Bear_Paw	Rabbit_Slough	un	1567	29	0.478331802	1.80000	0.39439	8.21528	0.25527	0.01818	-1.00000	-1.00000
1381	Bear_Paw	Rabbit_Slough	un	1624	22	0.240740741	0.28889	0.02668	3.12755	0.53927	0.07692	-1.00000	-1.00000
1672	Bear_Paw	Rabbit_Slough	un	2003	17	0.018633540	9.75000	0.98445	96.56413	0.98900	0.26316	-1.00000	-1.00000
1740	Bear_Paw	Rabbit_Slough	un	2090	8	0.720035596	0.74074	0.16173	3.39266	0.13033	0.00535	-1.00000	-1.00000
1866	Bear_Paw	Rabbit_Slough	un	2235	24	0.483076923	0.33333	0.03054	3.63863	0.47712	0.07143	-1.00000	-1.00000
2027	Bear_Paw	Rabbit_Slough	un	2313	6	0.021690768	0.11765	0.01250	1.10766	0.92942	0.18519	-1.00000	-1.00000
3167	Bear_Paw	Rabbit_Slough	un	2969	16	0.000668896	22.66667	2.32372	221.10175	1.35539	0.44444	-1.00000	-1.00000
3886	Bear_Paw	Rabbit_Slough	un	3286	13	0.421644905	2.50000	0.49464	12.63543	0.39794	0.04821	-1.00000	-1.00000
4170	Bear_Paw	Rabbit_Slough	un	3355	18	0.203076923	4.09091	0.37365	44.78986	0.61182	0.09722	-1.00000	-1.00000
5701	Bear_Paw	Rabbit_Slough	un	3448	15	0.682837529	1.66667	0.30335	9.15693	0.22185	0.01339	-1.00000	-1.00000
8001	Bear_Paw	Rabbit_Slough	un	3680	23	0.685354691	0.66667	0.11307	3.93059	0.17609	0.00840	-1.00000	-1.00000
